<?xml version="1.1" encoding="UTF-8" standalone="no"?>
<databaseChangeLog xmlns="http://www.liquibase.org/xml/ns/dbchangelog" xmlns:ext="http://www.liquibase.org/xml/ns/dbchangelog-ext" xmlns:pro="http://www.liquibase.org/xml/ns/pro" xmlns:xsi="http://www.w3.org/2001/XMLSchema-instance" xsi:schemaLocation="http://www.liquibase.org/xml/ns/dbchangelog-ext http://www.liquibase.org/xml/ns/dbchangelog/dbchangelog-ext.xsd http://www.liquibase.org/xml/ns/pro http://www.liquibase.org/xml/ns/pro/liquibase-pro-latest.xsd http://www.liquibase.org/xml/ns/dbchangelog http://www.liquibase.org/xml/ns/dbchangelog/dbchangelog-latest.xsd">
    <changeSet author="SOMESH (generated)" id="1746693940988-1">
        <createTable tableName="flyway_schema_old">
            <column name="installed_rank" type="INT"/>
            <column name="version" type="VARCHAR(50)"/>
            <column name="description" type="VARCHAR(200)"/>
            <column name="type" type="VARCHAR(20)"/>
            <column name="script" type="VARCHAR(1000)"/>
            <column name="checksum" type="INT"/>
            <column name="installed_by" type="VARCHAR(100)"/>
            <column name="installed_on" type="TIMESTAMP(0)"/>
            <column name="execution_time" type="INT"/>
            <column name="success" type="BIT(1)"/>
        </createTable>
    </changeSet>
    <changeSet author="SOMESH (generated)" id="1746693940988-2">
        <createTable tableName="flywayusers11">
            <column name="id" type="INT"/>
            <column name="name" type="VARCHAR(100)"/>
            <column name="email" type="VARCHAR(100)"/>
            <column name="created_at" type="TIMESTAMP(0)"/>
        </createTable>
    </changeSet>
    <changeSet author="SOMESH (generated)" id="1746693940988-3">
        <createTable tableName="table2">
            <column name="id" type="INT"/>
            <column name="Field1" type="VARCHAR(500)"/>
            <column name="Field2" type="VARCHAR(500)"/>
            <column name="Field3" type="VARCHAR(500)"/>
            <column name="Field4" type="VARCHAR(500)"/>
        </createTable>
    </changeSet>
    <changeSet author="SOMESH (generated)" id="1746693940988-4">
        <createTable tableName="tbl_user">
            <column name="id" type="INT"/>
            <column name="username" type="VARCHAR(50)"/>
            <column name="password" type="VARCHAR(255)"/>
            <column name="first_name" type="VARCHAR(50)"/>
            <column name="last_name" type="VARCHAR(50)"/>
            <column name="email" type="VARCHAR(100)"/>
            <column name="mobile" type="VARCHAR(20)"/>
            <column name="company_name" type="VARCHAR(100)"/>
            <column name="company_id" type="VARCHAR(100)"/>
            <column name="gender" type="ENUM('Male', 'Female', 'Other')"/>
            <column name="nature_of_business" type="VARCHAR(100)"/>
            <column name="country" type="VARCHAR(50)"/>
            <column name="date_of_birth" type="date"/>
            <column name="userType" type="ENUM('superadmin', 'admin', 'user')"/>
            <column name="created_at" type="TIMESTAMP(0)"/>
            <column name="userStatus" type="ENUM('active', 'inactive')"/>
        </createTable>
    </changeSet>
</databaseChangeLog>
