<?xml version="1.1" encoding="UTF-8" standalone="no"?>
<databaseChangeLog xmlns="http://www.liquibase.org/xml/ns/dbchangelog" xmlns:ext="http://www.liquibase.org/xml/ns/dbchangelog-ext" xmlns:pro="http://www.liquibase.org/xml/ns/pro" xmlns:xsi="http://www.w3.org/2001/XMLSchema-instance" xsi:schemaLocation="http://www.liquibase.org/xml/ns/dbchangelog-ext http://www.liquibase.org/xml/ns/dbchangelog/dbchangelog-ext.xsd http://www.liquibase.org/xml/ns/pro http://www.liquibase.org/xml/ns/pro/liquibase-pro-latest.xsd http://www.liquibase.org/xml/ns/dbchangelog http://www.liquibase.org/xml/ns/dbchangelog/dbchangelog-latest.xsd">
    <changeSet author="SOMESH (generated)" id="1746606459421-1">
        <createTable tableName="custom_changelog_log">
            <column name="id" type="INT"/>
            <column name="user_id" type="VARCHAR(500)"/>
            <column name="username" type="VARCHAR(255)"/>
            <column name="userType" type="VARCHAR(255)"/>
            <column name="company_name" type="VARCHAR(255)"/>
            <column name="company_id" type="VARCHAR(255)"/>
            <column name="changelog_file" type="VARCHAR(500)"/>
            <column name="changelog_label" type="VARCHAR(255)"/>
            <column name="git_repo" type="VARCHAR(500)"/>
            <column name="commit_message" type="TEXT"/>
            <column name="git_commit_id" type="VARCHAR(100)"/>
            <column name="migration_status" type="VARCHAR(50)"/>
            <column name="git_status" type="VARCHAR(50)"/>
            <column name="migration_output" type="TEXT"/>
            <column name="git_output" type="TEXT"/>
            <column name="target_db_url" type="VARCHAR(500)"/>
            <column name="target_Connection_Name" type="VARCHAR(500)"/>
            <column name="source_db_url" type="VARCHAR(500)"/>
            <column name="source_Connection_Name" type="VARCHAR(500)"/>
            <column name="migration_Dtails" type="VARCHAR(500)"/>
            <column name="executed_at" type="datetime(0)"/>
            <column name="itemAdded" type="TEXT"/>
        </createTable>
    </changeSet>
</databaseChangeLog>
