<?xml version="1.1" encoding="UTF-8" standalone="no"?>
<databaseChangeLog xmlns="http://www.liquibase.org/xml/ns/dbchangelog" xmlns:ext="http://www.liquibase.org/xml/ns/dbchangelog-ext" xmlns:pro="http://www.liquibase.org/xml/ns/pro" xmlns:xsi="http://www.w3.org/2001/XMLSchema-instance" xsi:schemaLocation="http://www.liquibase.org/xml/ns/dbchangelog-ext http://www.liquibase.org/xml/ns/dbchangelog/dbchangelog-ext.xsd http://www.liquibase.org/xml/ns/pro http://www.liquibase.org/xml/ns/pro/liquibase-pro-latest.xsd http://www.liquibase.org/xml/ns/dbchangelog http://www.liquibase.org/xml/ns/dbchangelog/dbchangelog-latest.xsd">
    <changeSet author="SOMESH (generated)" id="1746693955251-1">
        <createTable tableName="flyway_schema_old">
            <column name="installed_rank" type="INT"/>
            <column name="version" type="VARCHAR(50)"/>
            <column name="description" type="VARCHAR(200)"/>
            <column name="type" type="VARCHAR(20)"/>
            <column name="script" type="VARCHAR(1000)"/>
            <column name="checksum" type="INT"/>
            <column name="installed_by" type="VARCHAR(100)"/>
            <column name="installed_on" type="TIMESTAMP(0)"/>
            <column name="execution_time" type="INT"/>
            <column name="success" type="BIT(1)"/>
        </createTable>
    </changeSet>
</databaseChangeLog>
