<?xml version="1.1" encoding="UTF-8" standalone="no"?>
<databaseChangeLog xmlns="http://www.liquibase.org/xml/ns/dbchangelog" xmlns:ext="http://www.liquibase.org/xml/ns/dbchangelog-ext" xmlns:pro="http://www.liquibase.org/xml/ns/pro" xmlns:xsi="http://www.w3.org/2001/XMLSchema-instance" xsi:schemaLocation="http://www.liquibase.org/xml/ns/dbchangelog-ext http://www.liquibase.org/xml/ns/dbchangelog/dbchangelog-ext.xsd http://www.liquibase.org/xml/ns/pro http://www.liquibase.org/xml/ns/pro/liquibase-pro-latest.xsd http://www.liquibase.org/xml/ns/dbchangelog http://www.liquibase.org/xml/ns/dbchangelog/dbchangelog-latest.xsd">
    <changeSet author="SOMESH (generated)" id="1746606503190-1">
        <createTable tableName="git_connections">
            <column name="id" type="INT"/>
            <column name="name" type="VARCHAR(100)"/>
            <column name="branch" type="VARCHAR(50)"/>
            <column name="url" type="TEXT"/>
            <column name="username" type="VARCHAR(100)"/>
            <column name="password" type="TEXT"/>
            <column name="privateKey" type="TEXT"/>
            <column name="provider" type="TEXT"/>
            <column name="authType" type="VARCHAR(50)"/>
            <column name="savePassword" type="BIT(1)"/>
            <column name="created_at" type="TIMESTAMP(0)"/>
        </createTable>
    </changeSet>
</databaseChangeLog>
